city,mean_kW,std_kW
tetouan,71222.88586428425,17017.672977439168
foum_eloued,78.90734551499183,32.70912265226585
laayoune,111.06222655484817,25.667204188817117
boujdour,28.93966058331712,6.598885015215603
marrakech,1324.8974439496023,324.115558557148
